name,x,y,start_time,end_time,service_time,demand,revenue
task_0,23,8,0,240,30,10,50
task_1,8,10,240,480,30,10,50
task_2,16,5,480,720,30,10,50
task_3,14,8,0,240,30,10,50
task_4,17,24,240,480,30,10,50
task_5,19,25,480,720,30,10,50
task_6,23,10,0,240,30,10,50
task_7,13,21,240,480,30,10,50
task_8,7,23,480,720,30,10,50
task_9,3,20,0,240,30,10,50
task_10,1,12,240,480,30,10,50
task_11,3,14,480,720,30,10,50
task_12,6,3,0,240,30,10,50
task_13,25,16,240,480,30,10,50
task_14,7,17,480,720,30,10,50
task_15,28,28,0,240,30,10,50
task_16,11,9,240,480,30,10,50
task_17,4,28,480,720,30,10,50
task_18,13,0,0,240,30,10,50
task_19,25,23,240,480,30,10,50
task_20,11,27,480,720,30,10,50
task_21,4,6,0,240,30,10,50
task_22,10,14,240,480,30,10,50
task_23,10,4,480,720,30,10,50
task_24,29,17,0,240,30,10,50
task_25,10,2,240,480,30,10,50
task_26,5,15,480,720,30,10,50
task_27,1,29,0,240,30,10,50
task_28,25,0,240,480,30,10,50
task_29,9,2,480,720,30,10,50
